user.location,true
Bizzaro Dystopia,[nan]
573 / 734,[nan]
Came from Shiraz/ Camden Town,"['IR','UK']"
Henesys,[nan]
"Vermont and Washington, DC",['US']
Central Maine,['US']
US I UK I CA I CH,"['US', 'GB', 'CA', 'CH']"
Scorpio ğŸ¦‚,[nan]
Ireland ğŸ‡®ğŸ‡ª ,['IE']
following happy impulses,[nan]
momâ€™s basement,[nan]
Baker Hall,['US']
"à¤šà¤‚à¤¦à¥à¤°à¤ªà¥‚à¤°, India",['IN']
chester ,['GB']
"Manaus, Brasil.",['BR']
NUDYLAND ğŸ,[nan]
homeğŸ’›,[nan]
Hogwarts Wizarding School.,[nan]
"Alamo Heights, TX",['US']
"Box Elder, MO",['US']
SW OK ,['US']
434-757-804,[nan]
"London, land of opportunities",['GB']
"Oxford, UK (usually)",['GB']
"Arkansas, Louisiana, Mississippi, Oklahoma, Tennessee, Texas",['US']
The Highlands,['GB']
Virar west ,['IN']
Starbucks most likely. ,[nan]
Rwanda. Kigali,['RW']
Plymouth. England ,['GB']
"damansara, kuala lumpur",['MY']
ot5 | 15,[nan]
Zootopia ,[nan]
With Anthony ,[nan]
blm  she/her,[nan]
stuck on a planet,[nan]
"Guwahati. Assam, India",['IN']
Permanent state of exhaustion,[nan]
"A ğŸƒ , tx",['US']
GAğŸ›« LağŸ›«,['US']
dutty jersey ,['JE']
"Aguilares, El Salvador",['SV']
sa may red na gate po ,[nan]
liberalls ki chaati pe ,[nan]
lhe/khi,[nan]
"Paulsboro, NJ ",['US']
"Gola Lakhimpur kheri,lndia",['IN']
"Murrindindi, Victoria",['AU']
drinking coffee probably,[nan]
Happy life,[nan]
"everywhere, earth",[nan]
"San jose, Costa Rica",['CR']
"Naupada, Thane",['IN']
"Roorkee,U.K, India","['GB','IN']"
California-Mojave River Valley,['US']
usa ; seeing bts 5/5/19,['US']
"35.059037, -78.984557",[nan]
7ğ“¼ğ“¶ğ“²ğ“µğ“®ğ“¼,[nan]
Not still in Edmonton,['CA']
"Ballygally, Co Antrim",[nan]
(( evanescing )),[nan]
south point ohio,['US']
UK // L ğŸ’œ,['GB']
sunny oxfordshire,['GB']
"Overland Park, Kansas, USA",['US']
Your wallet ğŸ’°,[nan]
jollibee bida ang saya,[nan]
If I could walk that way...,[nan]
"viking land (aalborg, denmark)",['DK']
@jeffcara1041,[nan]
My thoughtsğŸ–¤,[nan]
"Orono, ME, USA",['US']
Singer Poet A Lv Science Major,[nan]
Alt: @Quest4Content2,[nan]
harryâ€™s dimples,[nan]
Amy & Avi's HQ,[nan]
taxed without representation,[nan]
Rindge NH 03461,['US']
maquoianation ,[nan]
021,[nan]
ğŸš« repost edits,[nan]
own ,[nan]
Mintaka Star System,[nan]
EPK!,[nan]
gender: shrug emoji,[nan]
"Central, New York",['US']
Greece and U.S.A.,"['GR','US']"
"1511 Willow Wood Drive, Norfolk, VA, 23509",['US']
dirty t bbyyyy,[nan]
"The Rodeo, Pluto",[nan]
Justin â£ï¸,[nan]
base pace and out of breath ğŸŠ,[nan]
California (Bay Area),['US']
Have a good day in heaven,[nan]
"æ±Ÿè‹çœ, China.",['CN']
The Checkerboards,[nan]
Dorsia,[nan]
mnl ğŸŒ»,[nan]
Englewood Cliffs ,['US']
"Stack money, lay low & chill",[nan]
Westmoreland jamaica ,['JM']
https://www.artstation.com/red,[nan]
Southern Kurdistan(Erbil),['IQ']
yesung's foreheadã…£she her,[nan]
southeastern america,[nan]
somewhere w hella wypipo,[nan]
Manchester // Abeokuta ,"['GB','NG']"
"Center of Thought, USA",['US']
"Glasgow, Edinburgh, Inverness, Dunblane and Dunfermline",['GB']
Probably on a beach somewhere,[nan]
Westside of philly,['US']
"Campi Bisenzio, Toscana",['IT']
à¤¬à¤¾à¤à¤¸à¤µà¤¾à¤¡à¤¾ à¤°à¤¾à¤œà¤¸à¥à¤¥à¤¾à¤¨ à¤­à¤¾à¤°à¤¤ ,['IN']
busan boyfriends,['KR']
"Auckland, North Island, New Zealand",['NZ']
Chilling with Tupac and Biggie,[nan]
Harvard HSPH,['US']
Lost and confused ,[nan]
dance covers ğŸ“Œ,[nan]
"Paramakudi, India",['IN']
humss â€˜21,[nan]
E.G. Heart,[nan]
"White Plains, N.Y.",['US']
33132,[nan]
" Mackinaw City, Michigan",['US']
Gallifrey (#HartnellWasFirst),[nan]
"hayward, california",['US']
LDN | LPL | HKG | GWY,[nan]
5 - 1= 0,[nan]
starless city,[nan]
she her 16,[nan]
"Boise, ID native!",['US']
Port St. Lucie,['US']
Lincolnshire. ,['GB']
Lunchablearmy,[nan]
Johannesburg Tembisa S.A,['ZA']
christian â€” 5 3 3 3,[nan]
"roanoke, virginia ğŸŒ",['US']
I'm out Fighting,[nan]
Maseru || Bloemfontein,"['LS','ZA']"
Another Deminsion ,[nan]
ğšœğš˜ğšœğš‘ğš’'ğšœ,[nan]
ë¯¼ì„ì´ â™¡ íˆ¥ â™¡ ë‚˜ë‚˜,[nan]
where they make gumbo at,[nan]
LA. NEW YORK. INT.,['US']
ig edthenudist,[nan]
Jiminâ€™s cheecks,[nan]
EN | GR | ES | FR | TR,"['GB','GR','ES','FR','TR']"
â˜†skate&destroyâ–²â˜½ #zephyrestore,[nan]
Save Deposit Box,[nan]
"Downtown, San Antonio, Tx.",['US']
Land of Dreams,[nan]
laundromat with jungkook,[nan]
"Laramie, WY, United States",['US']
"OTP-Roswell, Georgia",['US']
California SF Bay Area,['US']
Crime alley,[nan]
Wirral / Acton,['GB']
"New Denver, BC ",['CA']
overal en nergens ğŸ’,[nan]
Waterford,"['US','IR','GB']"
cappy town,[nan]
Down by the Riverside... Y'all,[nan]
road dog,[nan]
Madrid - Buenos Aires,"['ES','AR']"
"Sherwood Park, Canada",['CA']
-on your mind-,[nan]
Ihsan Dogramaci Bilkent Univ,['TR']
"Lyndonville, VT",['US']
i live in a shack,[nan]
Temporarily residing on Earth,[nan]
From there to here...,[nan]
utangÃ¡tta,[nan]
"Orange, Virginia",['US']
Off Trail,[nan]
New Covid City,[nan]
"Vlaanderen, BelgiÃ«",['BE']
Fucking Hell,[nan]
"Warri,  Nigeria ",['NG']
Nowhere near Texas,['US']
SC-cody_stanley152,['US']
multi | s/h | 13,[nan]
stop it,[nan]
Ø§Ù…Ø±ÙŠÙƒØ§-Ù…Ù†ÙˆØ¨ÙˆÙ„Ø³Minneapolis,['US']
"TrollhÃ¤ttan, SE",['SE']
snapchat: rigellarga,[nan]
"London, Tokyo",['JP']
Fake place duniyağŸ•‹,[nan]
"La Reja, Buenos Aires, Argentina",['AR']
Soliloquy,[nan]
ğŸ¤˜ğŸ½/ ğŸ‡²ğŸ‡½,['MX']
ATLANTA MOTHERFUCKER,['US']
641 â˜®,[nan]
In a glass house,[nan]
âœ¨ğŸ‡ºğŸ‡¸âœ¨,['US']
"Lander College â€¢ Flushing, NY",['US']
"Aurora, Oregon",['US']
19 | cis | she/her | queer,[nan]
Houston & LA,['US']
Daar bij je kip ,[nan]
Chi âœˆï¸ ATL,['US']
#Mars,[nan]
"seneca rocks, wv",['US']
FFXIV|Excalibur - Odin - Balmu,[nan]
SoCal born/raised.NorCal now.,[nan]
In your dream ,[nan]
181016 + 181017 ëŸ½ì…€ì½˜ | sara â™¥ï¸,[nan]
"Agua Prieta/Hermosillo, Sonora",['MX']
"no minors here, i am 21+",[nan]
" Chandler, Arizona USA ",['US']
"New York, NY and Washington DC",['US']
got that â˜•ï¸running in my veins,[nan]
11.05 / 10.07,[nan]
i make edits ! click da link,[nan]
Your hoyos crib,[nan]
Clique's,[nan]
London /Nottingham,['GB']
somewhere totally not illegal,[nan]
"IPH PDR, MY",[nan]
Money making movesğŸš™,[nan]
rio grande valley,['US']
In my feelingsğŸ’•ğŸ¼,[nan]
"Perthshire, Scotland, UK",['GB']
"Santa Ana, CA ğŸ“",['US']
lagos    nigeria,['NG']
"Living, u?",[nan]
hagersville,"['CA','US']"
Stan account,[nan]
$JUDASPAINKILL3R,[nan]
Wexford. London ,['GB']
"your head, rent free",[nan]
somewhere in cdale. ,['US']
"28000,MY / GGMU(âœˆold trafford)",['GB']
SFBA,[nan]
"U.A.E, DXB",['AE']
yingyingaying,[nan]
"A-B-E, PA",['US']
"St Paul, MN  ",['US']
This side of the mississippi,['US']
Namjoon's arm lol,[nan]
ğŸ›¸âš«ï¸,[nan]
"Yorke Island, Queensland",['AU']
Tenerife-Barcelona-Cork-TromsÃ¸,"['ES','IR','NO']"
lost in my daydreams,[nan]
South-Africa,['ZA']
Wetin Go Southy ,[nan]
"Sherbrooke, Qc, Canada",['CA']
Afrika Borwa,['ZA']
Armaan Malik's World,[nan]
"Florida, ğŸ‡ºğŸ‡¸ ",['US']
"ÃœT: 2.154394,117.496309",[nan]
"Bradford, UK and Stockholm Swd","['GB','SE']"
Anywhere and everywhere!,[nan]
tnâœ¶,[nan]
"Panama, IN",['US']
Protected By My Angels,[nan]
"Texas, USA!",['US']
èµµå›½,[nan]
ğŸ‡¨ğŸ‡¦ğŸ‡¨ğŸ‡¦ #FreePalestine ,['CA']
#longliveswa ,[nan]
"Watertown, NY/Orlando, FL",['US']
Zas Ville,[nan]
"only army, no kpop.",[nan]
With the unseen forces,[nan]
MS ğŸ›«DFW,['US']
Inthedeepofmybody,[nan]
on a laptop,[nan]
"Ritzville, Wa ",['US']
En la desgracia,[nan]
"Mayberry, MI",['US']
Cygame's basement,[nan]
"Liverpool/Nottingham, UK",['GB']
"Virginia, The United States ",['US']
"Aledo, Texas ",['US']
love on tour paris&antwerpğŸ—,"['FR','BE']"
ï½ï½•ï½„ï½  ï½ï½•ï½„ï½,[nan]
K space,[nan]
PanamÃ¡ PTY,['PA']
"Foster, VA",['US']
"Red Oak, Iowa",['US']
"New York, USA / Radnor PA",['US']
à®•à®²à¯à®ªà®¾à®•à¯à®•à®®à¯,['IN']
Los Angeles (Glendale),['US']
"Podunk, USA",['US']
New Jersey republic,['US']
"Detroit, MI Metropolitan Area",['US']
"II DID IT MY WAY , NO REGRETS ",[nan]
whorevillie,[nan]
Heaven&Hell,[nan]
Lonere (Raigad),['IN']
Dakar plateau ,['SN']
"Elizabeth , NJ",['US']
All over.,[nan]
"Nigeria, East & West Africa",['NG']
"Wilmington , De ( WestSide ) ",['US']
ë³´í”„ | ìŠ¼ì¦ˆ | ë¹…í†¤ | ì†Œìœ  | ì›ì‡,[nan]
"Herseaux, Belgique",['BE']
Fort Worth â†”ï¸ Austin,['US']
MORs,[nan]
"Newton Le Willows, England",['GB']
"Mission,Canada",['CA']
bodymore,[nan]
"Babylon, U.S.A.",['US']
Edinburgh & the Lothians,['GB']
CLAâœ¨,[nan]
neptuneğŸ”±,[nan]
"ÃœT: 28.467586,77.149935",[nan]
almost chicago but not really,['US']
 Sant Esteve de les Roures.CAT,['ES']
å‡ºä¼šã„ç³»ãƒ»å–¶æ¥­ç³»ãƒ»è‡ªå·±å•“ç™ºç³»ã¯å³ãƒ–ãƒ­ãƒƒã‚¯ã—ã¾ã™ï¼ç·´é¦¬åŒº,['JP']
BWâ™¥ï¸,[nan]
"Greenville, IL",['US']
Capt Polak,[nan]
Room on the 3rd FloorğŸŒ‡,[nan]
World Wide Soon,[nan]
British accent turns me on,[nan]
Somewhere writing,[nan]
Hamsayen Nazdeek ,[nan]
Chan's Room ğŸº,[nan]
Crystonia,[nan]
pixar hq ,[nan]
215âœˆï¸850âœˆï¸336,[nan]
Cagayan De Oro City ,['PH']
Cygnus X-1,[nan]
osculum infame,[nan]
"à¤à¤¾à¤°à¤–à¤£à¥à¤¡ , à¤­à¤¾à¤°à¤¤",['IN']
Slacks Creek,['AU']
"Ihate, NY",['US']
#selflove#,[nan]
The house of blue leaves,[nan]
crying inside a theater,[nan]
Chillicothe OHIO,['US']
melbn!!!!,[nan]
lel_destination ,[nan]
Upper LevelğŸŒ„,[nan]
nipplheim,[nan]
Universe of Knowledge..,[nan]
"Ancaster, ont","['CA','AU']"
Trlc-QC,[nan]
"Malibu,ca",['US']
"Pisces, Scorpio, Cap",[nan]
171911,[nan]
"Bristol, England (via Dublin, Galway & Cork)","['GB','IE']"
FlyoverLand /Land that I loveğŸ¶,[nan]
å°ç£ / Taiwan,['TW']
Sunshine state of hell,['US']
necochota & quequencity,[nan]
Gods own county yorkshire,['GB']
21 || INFJ,[nan]
on the train throwing soup,[nan]
Ceattle Whashington,[nan]
"Ú©Ø±Ø§Ú†ÛŒ, Ù¾Ø§Ú©Ø³ØªØ§Ù†",['PK']
Global-citizenğŸ“Kenya,['KE']
Emirates stadium ,['GB']
"Anywhere, OH",['US']
"Not Birmingham, UK",['GB']
Bristol ct,['GB']
 fan acc + ita + y/n + â™‰ï¸ + 22,[nan]
Tha V,[nan]
Pennsylvania via Maryland,['US']
east nashville // wwu,['US']
"Washington, D.C., for my sins",['US']
ë°©íƒ„ì˜ë§ˆìŒğŸ’œ,[nan]
Memphis ğŸ‘‰ğŸ½ Seattle ,['US']
+65/+63,[nan]
4 or 5 Hoops of Ooh Baby,['US']
Bama Baby,[nan]
1A,[nan]
Where life takes me...d(-_-)b,[nan]
"Kapchorwa, Uganda",['UG']
Seattle WA and London UK,"['US','GB']"
"HOME, nigga damn. ",[nan]
Australia - South Fremantle WA,"['AU','US']"
nucleus accumbens,[nan]
letterboxd: bandamlak ,[nan]
Ohio... Go Bucks!!!,['US']
Fromis_9,[nan]
ATL-RDU-NYC,['US']
"Supex City, Unknown",[nan]
"Delhi, Dubai, NYC.","['IN','AE','US']"
En Mi Casa ,[nan]
42Â°44â€²0.6â€³N 84Â°32â€²48.12â€³W,[nan]
"Money Trees, Wichita",['US']
Jannah I'A,[nan]
Chapel Brampton,"['CA','GB']"
she/her â™• in tae's heart â™•,[nan]
Belgium/ tk jnm sp (RPS)/ ot7,['BE']
"Katlehong,Gauteng,South Africa",['ZA']
"Aireborough, Leeds, UK",['GB']
http://parsonex.com/,[nan]
"S.Cambs, originally S.Wales",['GB']
NOT The Swamp,[nan]
Lakay Papaâ€™w,[nan]
"Perico, Matanzas",['CU']
jersey baby,"['JE','US']"
dgs,[nan]
Somewhere on a BeachğŸ‘™ğŸ‘’ğŸ‘“,[nan]
muriendo ,[nan]
ontologics.bandcamp.com,[nan]
"ddd, TX",['US']
Ú©Ù…Ø¨Ù„ Ú©Û’ Ø§Ù†Ø¯Ø±,[nan]
MÃ©xico D.F. / Buenos Aires,"['MX','AR']"
Pittsfield,['US']
"#BLM, she/her, selene !!!",[nan]
ot5 // ğŸ‡²ğŸ‡½ğŸ‡ºğŸ‡¸,['US']
NYC and NNJ,['US']
Bradford W.Yorkshire U.K.,['GB']
With Kobi & KaiğŸ¤ğŸ½,[nan]
Switzerland                   ,['CH']
The Library of Alexandria,['EG']
Eighth Inner Gate ğŸ™ğŸ½,[nan]
 west Bengal purulia,['IN']
"Fresh Coast-That Way, USA âœˆï¸",['US']
Play the records,[nan]
ğŸŒ¹ğŸ§¢ ğŸ¦‹,[nan]
london square ,['GB']
"Tobermory, Ontario",['CA']
"McKinney, TX | Sc: aaronag1998",['US']
BTS X TXT,[nan]
"Los Angeles, Eastside, Ca",['US']
Complexo da penhağŸš©,[nan]
"3rd Planet, Sol System",[nan]
"Thalassery, India",['IN']
in east asia philippines,['PH']
Mclean Co North Dakota,['US']
"Seattle, WA (FuckTheSeahawks)",['US']
"TorreÃ³n, Coahuila. MÃ©xico",['MX']
Houston / Hong Kong,"['US','HK']"
áµ‡,[nan]
ğ¬ğ¦ ğ±ğŸ’,[nan]
The GREAT state of TEXAS,['US']
âš½ï¸ğŸŒï¸â€â™‚ï¸,[nan]
KillaFOOOLYA,[nan]
"Export House, Peterborough",['GB']
â€œputch get the pistol outâ€,[nan]
Bugatti World ğŸŒ,[nan]
"New York, NY - USA",['US']
"Chicago, basically ",['US']
"à¤•à¥à¤®à¤¾à¤Šà¤, à¤‰à¤¤à¥à¤¤à¤°à¤¾à¤–à¤à¤¡",[nan]
WESTCOAST,[nan]
SF / Singapore,"['US','SG']"
currently drinking green tea ,[nan]
Ed Edd n Eddy's culdesac,[nan]
"Rosario,Argentina",['AR']
Here&There,[nan]
Universal Tao,[nan]
"Seffner,Florida",['US']
#MAGA #FreeTommy #CULT45 #BUILDtheWALL,[nan]
Igbinedion University Okada,['NG']
"Richmond, Virgin Islands ",['US']
Central New Brunswick,"['US','CA']"
"Sibonga, Central Visayas",['PH']
"Fairfield, Iowa",['US']
092318âœ¨,[nan]
cuddling mike,[nan]
its cold out bitches ,[nan]
RMA and WildcatğŸ»â€¼ï¸,[nan]
"New Enterprise, PA",['US']
Southend and surrounds,['GB']
my evangeline â™¥ï¸,[nan]
"Pune , India",['IN']
DC | MA | NH,['US']
"Ammingrad, Warda",[nan]
she/her ig,[nan]
sunny Scotland ,['GB']
"Douglasvill, GA",['US']
"Granger, IA",['US']
UoM MCR,[nan]
"South, Basta sa NCR",[nan]
ye,[nan]
"Austin, TX and Seattle WA",['US']
"Mathis, TX",['US']
"San Luis de la Paz, Guanajuato",['MX']
MadrasğŸ’›,['IN']
"Rajasthan ,India",['IN']
northeast,[nan]
"Somerville,tn",['US']
HUH,[nan]
Probably a Chiltern hilltop,[nan]
Clear Lake â€¢ Ames,['US']
190605 â™¡ she/her â™¡ 21,[nan]
ATL âœˆï¸ OKC,['US']
cedar point most likely,['US']
"Europe, Secondlife, Villareal",['ES']
FINFINNEE,[nan]
afterglow â™ ,[nan]
AbsurdistÃ¡n ,[nan]
In the world.,[nan]
Balda 7-3,[nan]
 816,[nan]
nowhere and quiznos,[nan]
"Washington, D.C. & Mogadishu","['US','SO']"
homebody ,[nan]
"SÃ£o Paulo, BR - Milano, IT","['BR','IT']"
"ÃœT: 30.359122,-97.687783",[nan]
YYC - Treaty 7 - The Beltline,['CA']
Antifaâ€™s Special Effects Dept.,[nan]
Kumbakonam ,['IN']
Upstate Central New York,['US']
NAWF! ,[nan]
